{"train_loss": [1.8672475929493877, 1.3703318102334605, 1.170924981925811, 0.9685173343553222, 0.8731073496517872, 0.7709196889526315, 0.7000380681819874, 0.6161131735722682, 0.5519656874914611, 0.4815940070712597, 0.43292507298366406, 0.37328434754975454, 0.33626790741505647, 0.29142249948806054, 0.2694975003315215, 0.23326255846750069, 0.1861149625008003, 0.17921421655654624, 0.14442947309251278, 0.11421710922141827, 0.09116630042570921, 0.06819092518831957, 0.05483740835260096, 0.03732992429425356, 0.030122510324613175, 0.022460108385858154, 0.017158018306025327, 0.015037188846213578, 0.012844983051375488, 0.0108162868765009], "train_acc": [0.39932284405496915, 0.5523800039832703, 0.6177056363274248, 0.6870145389364668, 0.7205735909181438, 0.7549292969527982, 0.780422226648078, 0.8030272854013145, 0.8213503286197968, 0.8447520414260108, 0.8627763393746266, 0.8795060744871539, 0.8900617406891057, 0.9073889663413662, 0.9159529974108743, 0.9268074088826926, 0.9417446723760207, 0.9401513642700657, 0.9545907189802828, 0.9640509858593905, 0.9720175263891655, 0.9779924317864968, 0.9828719378609838, 0.9908384783907588, 0.990938060147381, 0.9943238398725354, 0.9956184027086238, 0.9965146385182234, 0.9969129655447122, 0.9974108743278232], "val_loss": [1.8278101545284229, 1.5389411555790105, 1.1681351998481608, 1.1201742962833674, 1.1875915935048384, 1.298372996340897, 0.8879583978741585, 0.6956297110447653, 0.5162075319254709, 0.7529535373347399, 0.4938145574583883, 0.5176515085103344, 0.4311686354277302, 0.5382483440925641, 0.43070143361517044, 0.41841992946362405, 0.3405356865279293, 0.3042180435697385, 0.2964402165222345, 0.27912776305108267, 0.22279398499202108, 0.24793462898429885, 0.18561578213780786, 0.19974222302187553, 0.18374794073572528, 0.17782528864282104, 0.17918445974532998, 0.17857541625481446, 0.1758715474154094, 0.1773484903924361], "val_acc": [0.4312267657992565, 0.5139405204460966, 0.6287174721189591, 0.6621747211895911, 0.6287174721189591, 0.6366171003717472, 0.7225836431226765, 0.7774163568773235, 0.8378252788104089, 0.7681226765799256, 0.8420074349442379, 0.8424721189591078, 0.8647769516728625, 0.837360594795539, 0.8759293680297398, 0.8698884758364313, 0.9061338289962825, 0.9112453531598513, 0.9200743494423792, 0.929368029739777, 0.9354089219330854, 0.9377323420074349, 0.9553903345724907, 0.9512081784386617, 0.9479553903345725, 0.9516728624535316, 0.953996282527881, 0.9544609665427509, 0.953996282527881, 0.9544609665427509]}