{"mean": [0.8351624011993408, 0.8419738411903381, 0.846729576587677], "std": [0.2686769664287567, 0.25471121072769165, 0.25440332293510437]}